{
    "name": "Body_Part",
    "roles": [
        "Body_Part"
    ],
    "lookups": [
        "free-text",
        "keywords"
    ],
    "keywords": [
        {
            "keyword": "arm",
            "synonyms": [
                "arm"
            ]
        },
        {
            "keyword": "back",
            "synonyms": [
                "back"
            ]
        },
        {
            "keyword": "chest",
            "synonyms": [
                "chest"
            ]
        },
        {
            "keyword": "hand",
            "synonyms": [
                "hand"
            ]
        },
        {
            "keyword": "head",
            "synonyms": [
                "head"
            ]
        },
        {
            "keyword": "leg",
            "synonyms": [
                "leg"
            ]
        },
        {
            "keyword": "neck",
            "synonyms": [
                "neck"
            ]
        },
        {
            "keyword": "shoulder",
            "synonyms": [
                "shoulder"
            ]
        }
    ]
}
