{
    "name": "Intensity",
    "roles": [
        "Intensity"
    ],
    "lookups": [
        "free-text",
        "keywords"
    ],
    "keywords": [
        {
            "keyword": "challenging",
            "synonyms": [
                "challenging"
            ]
        },
        {
            "keyword": "easy",
            "synonyms": [
                "easy"
            ]
        },
        {
            "keyword": "gentle",
            "synonyms": [
                "gentle"
            ]
        },
        {
            "keyword": "moderate",
            "synonyms": [
                "moderate"
            ]
        }
    ]
}
