{
    "name": "Pain_Level",
    "roles": [
        "Pain_Level"
    ],
    "lookups": [
        "free-text",
        "keywords"
    ],
    "keywords": [
        {
            "keyword": "mild",
            "synonyms": [
                "mild"
            ]
        },
        {
            "keyword": "moderate",
            "synonyms": [
                "moderate"
            ]
        },
        {
            "keyword": "none",
            "synonyms": [
                "none"
            ]
        },
        {
            "keyword": "severe",
            "synonyms": [
                "severe"
            ]
        }
    ]
}
