{
    "name": "Session_Progress",
    "roles": [
        "Session_Progress"
    ],
    "lookups": [
        "free-text",
        "keywords"
    ],
    "keywords": [
        {
            "keyword": "beginning",
            "synonyms": [
                "beginning"
            ]
        },
        {
            "keyword": "current_step",
            "synonyms": [
                "current_step"
            ]
        },
        {
            "keyword": "end",
            "synonyms": [
                "end"
            ]
        },
        {
            "keyword": "middle",
            "synonyms": [
                "middle"
            ]
        },
        {
            "keyword": "specific_step",
            "synonyms": [
                "specific_step"
            ]
        }
    ]
}
