{
    "utterances": [
        {
            "text": "I'm done",
            "entities": [],
            "traits": [],
            "intent": "end_session"
        },
        {
            "text": "begin therapy session",
            "entities": [],
            "traits": [],
            "intent": "therapy_start"
        },
        {
            "text": "end session",
            "entities": [],
            "traits": [],
            "intent": "end_session"
        },
        {
            "text": "go on",
            "entities": [],
            "traits": [],
            "intent": "next_step"
        },
        {
            "text": "let's start",
            "entities": [],
            "traits": [],
            "intent": "therapy_start"
        },
        {
            "text": "next",
            "entities": [],
            "traits": [],
            "intent": "next_step"
        },
        {
            "text": "next step",
            "entities": [],
            "traits": [],
            "intent": "next_step"
        },
        {
            "text": "start therapy",
            "entities": [],
            "traits": [],
            "intent": "therapy_start"
        },
        {
            "text": "stop therapy",
            "entities": [],
            "traits": [],
            "intent": "end_session"
        }
    ]
}
